-0.000063,0.000034,0.695380,-0.000190,-0.000002,0.000000,1.000000,-0.000296,-0.000298,-0.439276,0.439484,-2.231993,2.231609,-0.471921,0.472097,0.001991,-0.001979
-0.000024,0.000079,0.694640,-0.000379,-0.000005,0.000000,1.000000,-0.000685,-0.000687,-0.440746,0.441222,-2.228886,2.228002,-0.473360,0.473768,0.002611,-0.002588
0.000102,0.000132,0.693777,-0.000569,-0.000007,0.000000,1.000000,-0.001136,-0.001138,-0.441605,0.442388,-2.224508,2.223050,-0.475480,0.476155,0.002083,-0.002049
0.000293,0.000188,0.692783,-0.000808,0.000749,0.000001,0.999999,-0.001620,-0.001624,-0.442752,0.443861,-2.218688,2.216621,-0.478241,0.479199,0.000628,-0.000583
0.000534,0.000244,0.691655,-0.001048,0.001504,0.000002,0.999998,-0.002109,-0.002113,-0.445083,0.446514,-2.211257,2.208587,-0.481603,0.482842,-0.001529,0.001586
0.000804,0.000298,0.690387,-0.001288,0.002260,0.000003,0.999997,-0.002574,-0.002578,-0.449496,0.451226,-2.202043,2.198816,-0.485528,0.487025,-0.004168,0.004238
0.001081,0.000345,0.688999,-0.001448,0.001970,0.000003,0.999997,-0.002984,-0.002989,-0.456357,0.458343,-2.191195,2.187492,-0.489905,0.491622,-0.007101,0.007185
0.001317,0.000383,0.687614,-0.001608,0.001680,0.000004,0.999997,-0.003313,-0.003319,-0.463908,0.466092,-2.180125,2.176057,-0.494344,0.496229,-0.010282,0.010383
0.001461,0.000409,0.686381,-0.001768,0.001390,0.000004,0.999997,-0.003532,-0.003539,-0.469862,0.472172,-2.170567,2.166265,-0.498381,0.500374,-0.013703,0.013821
0.001472,0.000418,0.685409,-0.001738,0.001946,0.000005,0.999997,-0.003618,-0.003625,-0.472606,0.474957,-2.163767,2.159384,-0.501677,0.503709,-0.017342,0.017479
0.001371,0.000412,0.684660,-0.001709,0.002502,0.000006,0.999995,-0.003561,-0.003568,-0.473223,0.475526,-2.159037,2.154738,-0.504390,0.506386,-0.021139,0.021296
0.001187,0.000388,0.684054,-0.001680,0.003057,0.000008,0.999994,-0.003356,-0.003363,-0.473473,0.475636,-2.155205,2.151163,-0.506799,0.508678,-0.025021,0.025198
0.000952,0.000346,0.683523,-0.001432,0.002986,0.000007,0.999995,-0.002999,-0.003006,-0.474719,0.476647,-2.151312,2.147704,-0.509142,0.510822,-0.028903,0.029102
0.000688,0.000288,0.683029,-0.001184,0.002914,0.000007,0.999995,-0.002500,-0.002507,-0.476746,0.478353,-2.147247,2.144237,-0.511485,0.512889,-0.032645,0.032868
0.000414,0.000215,0.682544,-0.000937,0.002842,0.000007,0.999996,-0.001870,-0.001877,-0.478945,0.480149,-2.143110,2.140849,-0.513853,0.514910,-0.036095,0.036346
0.000152,0.000128,0.682041,-0.000528,0.002940,0.000006,0.999996,-0.001125,-0.001132,-0.480834,0.481566,-2.138948,2.137565,-0.516276,0.516927,-0.039112,0.039394
-0.000084,0.000031,0.681487,-0.000119,0.003039,0.000006,0.999995,-0.000296,-0.000303,-0.482453,0.482663,-2.134585,2.134173,-0.518820,0.519023,-0.041594,0.041909
-0.000277,-0.000071,0.680850,0.000291,0.003137,0.000005,0.999995,0.000584,0.000577,-0.483969,0.483631,-2.129791,2.130400,-0.521559,0.521288,-0.043449,0.043802
-0.000415,-0.000176,0.680104,0.000742,0.003477,0.000004,0.999994,0.001485,0.001477,-0.485604,0.484711,-2.124350,2.125993,-0.524552,0.523802,-0.044655,0.045047
-0.000502,-0.000281,0.679248,0.001193,0.003818,0.000003,0.999992,0.002391,0.002383,-0.487793,0.486349,-2.118105,2.120776,-0.527811,0.526585,-0.045460,0.045895
-0.000545,-0.000387,0.678290,0.001644,0.004158,0.000002,0.999990,0.003292,0.003284,-0.491024,0.489039,-2.110917,2.114594,-0.531335,0.529642,-0.046185,0.046664
-0.000557,-0.000490,0.677248,0.002055,0.003579,0.000003,0.999991,0.004175,0.004166,-0.495672,0.493167,-2.102762,2.107406,-0.535086,0.532946,-0.047086,0.047611
-0.000571,-0.000588,0.676196,0.002467,0.003000,0.000005,0.999992,0.005010,0.005000,-0.501660,0.498670,-2.094089,2.099630,-0.538877,0.536326,-0.048175,0.048748
-0.000627,-0.000676,0.675220,0.002879,0.002421,0.000006,0.999993,0.005763,0.005752,-0.508797,0.505375,-2.085467,2.091800,-0.542488,0.539576,-0.049403,0.050025
-0.000756,-0.000751,0.674401,0.003082,0.001590,0.000010,0.999994,0.006393,0.006381,-0.516407,0.512628,-2.077621,2.084602,-0.545687,0.542486,-0.050711,0.051382
-0.000960,-0.000803,0.673805,0.003286,0.000760,0.000015,0.999994,0.006827,0.006815,-0.521870,0.517852,-2.071912,2.079321,-0.548213,0.544823,-0.052000,0.052722
-0.001234,-0.000823,0.673490,0.003489,-0.000070,0.000019,0.999994,0.006984,0.006972,-0.522082,0.517990,-2.069859,2.077396,-0.549794,0.546348,-0.053159,0.053933
-0.001557,-0.000804,0.673447,0.003252,0.001521,0.000017,0.999994,0.006805,0.006795,-0.515682,0.511718,-2.071925,2.079231,-0.550394,0.547051,-0.054187,0.055014
-0.001847,-0.000749,0.673374,0.003016,0.003113,0.000015,0.999991,0.006316,0.006308,-0.508298,0.504649,-2.074362,2.081093,-0.550920,0.547838,-0.055504,0.056384
-0.002008,-0.000665,0.672900,0.002779,0.004704,0.000014,0.999985,0.005563,0.005558,-0.507306,0.504127,-2.072365,2.078217,-0.552513,0.549839,-0.057641,0.058567
-0.001975,-0.000556,0.671779,0.002223,0.002049,0.000023,0.999995,0.004594,0.004592,-0.517519,0.514937,-2.062773,2.067485,-0.555930,0.553799,-0.060964,0.061929
-0.001815,-0.000429,0.670267,0.001667,-0.000606,0.000033,0.999998,0.003462,0.003464,-0.533506,0.531613,-2.048996,2.052383,-0.560396,0.558901,-0.065196,0.066196
-0.001627,-0.000289,0.668747,0.001111,-0.003261,0.000043,0.999994,0.002220,0.002225,-0.547276,0.546131,-2.036088,2.038045,-0.564751,0.563939,-0.069897,0.070932
-0.001491,-0.000142,0.667516,0.000427,-0.002602,0.000047,0.999997,0.000913,0.000921,-0.552932,0.552563,-2.027852,2.028341,-0.568109,0.567989,-0.074658,0.075732
-0.001407,0.000013,0.666526,-0.000257,-0.001943,0.000051,0.999998,-0.000455,-0.000444,-0.552946,0.553378,-2.023097,2.022081,-0.570666,0.571250,-0.079189,0.080304
-0.001354,0.000175,0.665645,-0.000941,-0.001283,0.000054,0.999999,-0.001888,-0.001874,-0.551886,0.553147,-2.019380,2.016809,-0.572894,0.574203,-0.083229,0.084386
-0.001314,0.000343,0.664760,-0.001648,-0.001337,0.000059,0.999998,-0.003372,-0.003355,-0.553333,0.555445,-2.014741,2.010570,-0.575180,0.577239,-0.086586,0.087785
-0.001271,0.000507,0.663845,-0.002356,-0.001390,0.000065,0.999996,-0.004822,-0.004803,-0.556939,0.559873,-2.009129,2.003407,-0.577597,0.580384,-0.089351,0.090590
-0.001213,0.000655,0.662891,-0.003063,-0.001443,0.000070,0.999994,-0.006135,-0.006114,-0.561371,0.565042,-2.002974,1.995861,-0.580134,0.583577,-0.091681,0.092956
-0.001128,0.000778,0.661890,-0.003531,-0.001538,0.000075,0.999993,-0.007234,-0.007212,-0.565568,0.569845,-1.996608,1.988347,-0.582791,0.586776,-0.093717,0.095023
-0.001012,0.000881,0.660826,-0.004000,-0.001632,0.000081,0.999991,-0.008152,-0.008128,-0.569550,0.574321,-1.989963,1.980762,-0.585591,0.590021,-0.095529,0.096860
-0.000860,0.000969,0.659683,-0.004468,-0.001727,0.000086,0.999989,-0.008947,-0.008922,-0.573608,0.578797,-1.982870,1.972875,-0.588569,0.593376,-0.097167,0.098518
-0.000672,0.001051,0.658450,-0.004830,-0.001636,0.000092,0.999987,-0.009674,-0.009648,-0.577963,0.583524,-1.975219,1.964515,-0.591742,0.596886,-0.098692,0.100055
-0.000453,0.001130,0.657140,-0.005192,-0.001546,0.000098,0.999985,-0.010383,-0.010356,-0.582558,0.588472,-1.967124,1.955746,-0.595067,0.600532,-0.100188,0.101555
-0.000213,0.001213,0.655772,-0.005554,-0.001455,0.000104,0.999984,-0.011120,-0.011094,-0.587264,0.593537,-1.958754,1.946691,-0.598486,0.604276,-0.101749,0.103110
0.000042,0.001301,0.654365,-0.005843,-0.001243,0.000110,0.999982,-0.011890,-0.011865,-0.591970,0.598614,-1.950251,1.937485,-0.601953,0.608075,-0.103449,0.104794
0.000305,0.001374,0.652934,-0.006131,-0.001031,0.000116,0.999981,-0.012534,-0.012510,-0.596644,0.603585,-1.941637,1.928306,-0.605472,0.611862,-0.105289,0.106607
0.000571,0.001410,0.651493,-0.006420,-0.000819,0.000121,0.999979,-0.012851,-0.012827,-0.601269,0.608327,-1.932907,1.919344,-0.609057,0.615561,-0.107252,0.108532
0.000837,0.001389,0.650054,-0.006080,-0.000548,0.000127,0.999981,-0.012675,-0.012651,-0.605872,0.612781,-1.924032,1.910730,-0.612727,0.619118,-0.109321,0.110550
0.001102,0.001309,0.648604,-0.005739,-0.000276,0.000133,0.999983,-0.011990,-0.011963,-0.610644,0.617135,-1.914893,1.902355,-0.616508,0.622555,-0.111477,0.112644
0.001370,0.001173,0.647131,-0.005399,-0.000005,0.000138,0.999985,-0.010812,-0.010781,-0.615821,0.621639,-1.905353,1.894051,-0.620430,0.625915,-0.113704,0.114797
0.001642,0.000985,0.645619,-0.004477,-0.000087,0.000141,0.999990,-0.009188,-0.009153,-0.621612,0.626532,-1.895292,1.885645,-0.624513,0.629242,-0.115988,0.116999
0.001919,0.000765,0.644055,-0.003556,-0.000169,0.000144,0.999994,-0.007284,-0.007243,-0.628129,0.632013,-1.884688,1.876949,-0.628744,0.632599,-0.118353,0.119270
0.002203,0.000534,0.642426,-0.002635,-0.000252,0.000147,0.999996,-0.005289,-0.005245,-0.635457,0.638272,-1.873540,1.867772,-0.633101,0.636054,-0.120827,0.121642
0.002497,0.000313,0.640722,-0.001754,-0.000621,0.000150,0.999998,-0.003372,-0.003325,-0.643551,0.645348,-1.861892,1.857994,-0.637562,0.639662,-0.123427,0.124132
0.002805,0.000107,0.638943,-0.000873,-0.000990,0.000153,0.999999,-0.001598,-0.001548,-0.651825,0.652690,-1.849966,1.847778,-0.642108,0.643431,-0.126118,0.126705
0.003136,-0.000077,0.637093,0.000008,-0.001359,0.000155,0.999999,-0.000006,0.000046,-0.659558,0.659596,-1.838033,1.837360,-0.646722,0.647358,-0.128853,0.129316
0.003496,-0.000236,0.635164,0.000563,-0.001018,0.000157,0.999999,0.001366,0.001419,-0.666313,0.665644,-1.826214,1.826830,-0.651410,0.651463,-0.131607,0.131940
0.003894,-0.000367,0.633100,0.001119,-0.000678,0.000159,0.999999,0.002487,0.002542,-0.672767,0.671528,-1.814051,1.815704,-0.656277,0.655863,-0.134440,0.134642
0.004339,-0.000466,0.630833,0.001675,-0.000337,0.000161,0.999999,0.003325,0.003382,-0.679881,0.678220,-1.800937,1.803353,-0.661453,0.660698,-0.137434,0.137507
0.004837,-0.000531,0.628307,0.001842,-0.000368,0.000162,0.999998,0.003868,0.003929,-0.688440,0.686510,-1.786385,1.789281,-0.667041,0.666075,-0.140613,0.140565
0.005384,-0.000568,0.625521,0.002009,-0.000399,0.000162,0.999998,0.004174,0.004239,-0.698528,0.696449,-1.770367,1.773521,-0.673040,0.671965,-0.143784,0.143621
0.005971,-0.000587,0.622485,0.002175,-0.000429,0.000162,0.999998,0.004318,0.004387,-0.710055,0.707909,-1.752975,1.756237,-0.679424,0.678308,-0.146698,0.146421
0.006592,-0.000598,0.619215,0.002250,-0.000928,0.000161,0.999997,0.004383,0.004457,-0.722863,0.720689,-1.734335,1.737634,-0.686161,0.685036,-0.149151,0.148762
0.007235,-0.000612,0.615745,0.002324,-0.001427,0.000159,0.999996,0.004486,0.004565,-0.736527,0.734308,-1.714709,1.718077,-0.693204,0.692055,-0.151140,0.150636
0.007892,-0.000645,0.612113,0.002398,-0.001926,0.000158,0.999995,0.004755,0.004838,-0.750551,0.748213,-1.694396,1.697969,-0.700501,0.699266,-0.152705,0.152082
0.008555,-0.000705,0.608344,0.002649,-0.001990,0.000152,0.999995,0.005258,0.005344,-0.764495,0.761933,-1.673634,1.677605,-0.708019,0.706610,-0.153915,0.153169
0.009234,-0.000772,0.604406,0.002899,-0.002054,0.000146,0.999994,0.005832,0.005920,-0.778130,0.775316,-1.652411,1.656837,-0.715798,0.714186,-0.154935,0.154071
0.009942,-0.000821,0.600254,0.003150,-0.002118,0.000140,0.999993,0.006254,0.006345,-0.791282,0.788291,-1.630656,1.635409,-0.723894,0.722132,-0.155958,0.154990
0.010688,-0.000834,0.595830,0.003081,-0.001650,0.000128,0.999994,0.006357,0.006451,-0.804079,0.801065,-1.608158,1.612968,-0.732379,0.730583,-0.157173,0.156123
0.011475,-0.000814,0.591030,0.003013,-0.001182,0.000116,0.999995,0.006186,0.006283,-0.817873,0.814964,-1.584138,1.588777,-0.741377,0.739645,-0.158776,0.157658
0.012302,-0.000773,0.585736,0.002945,-0.000714,0.000104,0.999995,0.005841,0.005935,-0.834321,0.831596,-1.557677,1.562006,-0.751025,0.749421,-0.160959,0.159780
0.013165,-0.000721,0.579864,0.002688,-0.001934,0.000093,0.999995,0.005403,0.005492,-0.854669,0.852163,-1.528117,1.532068,-0.761408,0.759964,-0.163801,0.162561
0.014038,-0.000660,0.573462,0.002430,-0.003154,0.000083,0.999992,0.004889,0.004971,-0.878517,0.876258,-1.495842,1.499365,-0.772392,0.771130,-0.166930,0.165630
0.014891,-0.000588,0.566609,0.002172,-0.004374,0.000073,0.999988,0.004298,0.004380,-0.905053,0.903069,-1.461498,1.464546,-0.783791,0.782728,-0.169857,0.168503
0.015700,-0.000509,0.559408,0.001939,-0.005652,0.000062,0.999982,0.003661,0.003750,-0.933081,0.931386,-1.425874,1.428426,-0.795445,0.794581,-0.172218,0.170822
0.016464,-0.000442,0.552040,0.001706,-0.006930,0.000051,0.999975,0.003138,0.003224,-0.959858,0.958406,-1.390349,1.392499,-0.807296,0.806587,-0.174141,0.172730
0.017186,-0.000407,0.544708,0.001473,-0.008208,0.000039,0.999965,0.002921,0.002970,-0.982252,0.980926,-1.356446,1.358426,-0.819311,0.818657,-0.175878,0.174496
0.017866,-0.000424,0.537543,0.001805,-0.006343,0.000029,0.999978,0.003159,0.003137,-0.998491,0.997111,-1.325035,1.327184,-0.831470,0.830728,-0.177630,0.176333
0.018483,-0.000494,0.530394,0.002136,-0.004479,0.000018,0.999988,0.003846,0.003782,-1.012229,1.010594,-1.294367,1.297004,-0.843791,0.842829,-0.179402,0.178233
0.019011,-0.000617,0.523038,0.002468,-0.002614,0.000008,0.999994,0.004932,0.004940,-1.028479,1.026374,-1.262038,1.265434,-0.856303,0.855013,-0.181149,0.180130
0.019420,-0.000775,0.515373,0.002778,-0.002744,0.000005,0.999992,0.006248,0.006460,-1.050343,1.047617,-1.226871,1.231165,-0.868935,0.867267,-0.182830,0.181967
0.019662,-0.000876,0.507779,0.003088,-0.002873,0.000003,0.999991,0.007134,0.007438,-1.073293,1.070167,-1.192589,1.197466,-0.881212,0.879315,-0.184417,0.183722
0.019683,-0.000813,0.500758,0.003398,-0.003003,0.000000,0.999990,0.006810,0.006785,-1.090895,1.088034,-1.164143,1.168752,-0.892562,0.890814,-0.185884,0.185376
0.019468,-0.000529,0.494783,0.002189,-0.000524,-0.000004,0.999997,0.004822,0.003980,-1.098592,1.096880,-1.144697,1.147884,-0.902567,0.901461,-0.187247,0.186953
0.019149,-0.000177,0.490220,0.000981,0.001956,-0.000008,0.999998,0.002015,0.000785,-1.099354,1.098976,-1.130273,1.131522,-0.911448,0.911123,-0.188677,0.188633
0.018895,0.000037,0.487407,-0.000228,0.004435,-0.000012,0.999990,-0.000439,-0.000469,-1.098031,1.098245,-1.115107,1.114771,-0.919583,0.919706,-0.190386,0.190636
0.018624,-0.000021,0.487040,0.000214,0.004829,-0.000014,0.999988,-0.001509,0.001491,-1.096059,1.095598,-1.099835,1.098980,-0.926200,0.926135,-0.192396,0.192978
0.017250,-0.000197,0.491235,0.000656,0.005224,-0.000017,0.999986,-0.000733,0.003710,-1.081211,1.079899,-1.110687,1.110466,-0.925920,0.925414,-0.193975,0.194880
0.013434,-0.000266,0.502470,0.001098,0.005618,-0.000020,0.999984,0.002211,0.002177,-1.037850,1.036999,-1.180296,1.181790,-0.912211,0.911567,-0.194199,0.195361
0.006607,-0.000078,0.522452,0.000219,0.004103,-0.000018,0.999992,0.006519,-0.004826,-0.958043,0.959645,-1.322214,1.325882,-0.881246,0.881128,-0.192628,0.193936
-0.000722,0.000205,0.549829,-0.000660,0.002589,-0.000017,0.999996,0.006899,-0.009836,-0.864691,0.868159,-1.473680,1.477152,-0.840009,0.840677,-0.190758,0.192122
-0.005280,0.000348,0.582483,-0.001540,0.001075,-0.000015,0.999998,-0.003065,-0.003095,-0.788401,0.789761,-1.552855,1.550380,-0.798187,0.799303,-0.190567,0.191930
-0.004768,0.000167,0.618257,-0.000405,-0.001004,-0.000864,0.999999,-0.026070,0.020421,-0.750288,0.743180,-1.503063,1.486900,-0.763539,0.764312,-0.193394,0.194730
-0.000808,-0.000302,0.654840,0.000729,-0.003083,-0.001713,0.999994,-0.049930,0.046800,-0.733479,0.713199,-1.368279,1.334269,-0.736110,0.735867,-0.198014,0.199306
0.004005,-0.000967,0.689881,0.001863,-0.005161,-0.002562,0.999982,-0.058740,0.057394,-0.711608,0.676113,-1.217643,1.166598,-0.714015,0.712347,-0.202564,0.203800
0.007486,-0.001728,0.721526,0.003622,-0.004115,-0.002391,0.999982,-0.041996,0.039371,-0.665827,0.615383,-1.105990,1.042875,-0.695619,0.692355,-0.205623,0.206790
0.009111,-0.002438,0.749909,0.005381,-0.003069,-0.002220,0.999978,-0.010791,0.003147,-0.607364,0.543129,-1.030938,0.961595,-0.680284,0.675401,-0.207547,0.208608
0.008771,-0.002943,0.775661,0.007140,-0.002023,-0.002050,0.999970,0.018381,-0.035047,-0.554964,0.478635,-0.975802,0.906131,-0.667619,0.661220,-0.209132,0.210024
0.006638,-0.003138,0.799340,0.007165,-0.008914,-0.000640,0.999934,0.031921,-0.060698,-0.521191,0.435072,-0.925847,0.861767,-0.657188,0.649499,-0.211008,0.211647
0.004015,-0.003126,0.821225,0.007190,-0.015804,0.000769,0.999849,0.027816,-0.066156,-0.493878,0.401154,-0.874144,0.821429,-0.648368,0.639729,-0.213128,0.213444
0.002487,-0.003063,0.841523,0.007215,-0.022693,0.002179,0.999714,0.006949,-0.045487,-0.454679,0.359478,-0.815715,0.779956,-0.640487,0.631354,-0.215275,0.215220
0.003049,-0.003045,0.860201,0.008649,-0.014120,0.002922,0.999859,-0.026858,0.001695,-0.391185,0.298400,-0.747742,0.733819,-0.633029,0.623895,-0.217217,0.216777
0.004342,-0.002938,0.876257,0.010082,-0.005545,0.003665,0.999927,-0.058026,0.053583,-0.314758,0.229311,-0.676039,0.686018,-0.626080,0.617187,-0.218644,0.217904
0.004417,-0.002551,0.888449,0.011514,0.003031,0.004408,0.999919,-0.068035,0.082822,-0.242703,0.169360,-0.608579,0.641186,-0.619879,0.611142,-0.219227,0.218385
0.001916,-0.001780,0.895936,0.009001,-0.002066,0.002883,0.999953,-0.045068,0.070683,-0.187548,0.130057,-0.550868,0.602111,-0.614586,0.605692,-0.218813,0.218143
-0.002154,-0.000883,0.899474,0.006487,-0.007162,0.001357,0.999952,-0.004111,0.032930,-0.142720,0.100359,-0.498538,0.564201,-0.610046,0.600832,-0.217936,0.217658
-0.006195,-0.000202,0.900221,0.003974,-0.012257,-0.000168,0.999917,0.033149,-0.006044,-0.096870,0.063586,-0.444754,0.521018,-0.606024,0.596578,-0.217302,0.217551
-0.009017,0.000010,0.899068,0.003546,-0.007045,0.000514,0.999969,0.049657,-0.026852,-0.041943,0.007945,-0.384599,0.468101,-0.602334,0.592951,-0.217456,0.218284
-0.011067,-0.000116,0.895846,0.003119,-0.001833,0.001196,0.999993,0.046884,-0.030113,0.016942,-0.058813,-0.320815,0.408900,-0.598987,0.589997,-0.218280,0.219704
-0.013197,-0.000359,0.890117,0.002691,0.003380,0.001878,0.999989,0.030933,-0.021445,0.071375,-0.124048,-0.258063,0.348839,-0.596039,0.587771,-0.219493,0.221502
-0.016123,-0.000535,0.881484,0.002145,0.001960,0.002977,0.999991,0.008237,-0.006514,0.115292,-0.177863,-0.201063,0.293056,-0.593529,0.586273,-0.220849,0.223401
-0.020015,-0.000622,0.869711,0.001599,0.000540,0.004077,0.999990,-0.013452,0.008842,0.152012,-0.221335,-0.154776,0.245538,-0.591427,0.585297,-0.222246,0.225259
-0.024908,-0.000637,0.854600,0.001053,-0.000879,0.005176,0.999986,-0.026049,0.018744,0.187202,-0.258285,-0.124224,0.209986,-0.589681,0.584582,-0.223619,0.226966
-0.030730,-0.000594,0.835912,0.000815,-0.006514,0.003114,0.999974,-0.024298,0.019063,0.226458,-0.292937,-0.110969,0.187201,-0.588123,0.583812,-0.224978,0.228513
-0.036997,-0.000487,0.813247,0.000578,-0.012149,0.001051,0.999925,-0.014242,0.012692,0.275088,-0.331144,-0.102738,0.166377,-0.586106,0.582447,-0.226637,0.230284
-0.043123,-0.000304,0.786163,0.000340,-0.017783,-0.001011,0.999841,-0.004751,0.004280,0.338328,-0.379164,-0.083798,0.133811,-0.582865,0.579888,-0.228985,0.232764
-0.048875,-0.000056,0.754750,-0.000105,-0.011771,-0.004234,0.999922,-0.002248,-0.002094,0.419749,-0.442089,-0.048789,0.085863,-0.578075,0.575825,-0.232389,0.236357
-0.055438,0.000150,0.721215,-0.000550,-0.005759,-0.007457,0.999955,-0.003365,-0.004622,0.516250,-0.520349,-0.033839,0.059143,-0.573165,0.571093,-0.237115,0.241144
-0.064354,0.000190,0.688300,-0.000996,0.000253,-0.010680,0.999942,-0.002287,-0.002061,0.623064,-0.613206,-0.085451,0.100329,-0.570004,0.566815,-0.243406,0.247128
-0.076339,0.000001,0.658489,0.001592,-0.009479,-0.009313,0.999910,0.004711,0.005618,0.734646,-0.718092,-0.230442,0.236645,-0.569452,0.563414,-0.250944,0.253843
-0.088813,-0.000209,0.633264,0.004179,-0.019210,-0.007945,0.999775,0.012980,0.013605,0.842348,-0.825124,-0.416886,0.417516,-0.568325,0.558508,-0.257175,0.258961
-0.098372,-0.000168,0.613851,0.006765,-0.028939,-0.006577,0.999537,0.015781,0.015879,0.936744,-0.922586,-0.573178,0.572916,-0.562433,0.549017,-0.258981,0.259683
-0.102627,0.000293,0.601054,0.002529,-0.017057,-0.006031,0.999833,0.008714,0.008605,1.009721,-1.000282,-0.646041,0.650181,-0.549227,0.533309,-0.254759,0.254672
-0.103263,0.000923,0.593983,-0.001708,-0.005171,-0.005484,0.999970,-0.003270,-0.003313,1.058412,-1.054087,-0.655533,0.666087,-0.532733,0.515562,-0.248950,0.248421
-0.102978,0.001369,0.591323,-0.005945,0.006715,-0.004936,0.999948,-0.012880,-0.012786,1.081263,-1.081397,-0.640045,0.654776,-0.518622,0.501401,-0.247508,0.246880
-0.103850,0.001373,0.591885,-0.005034,0.002746,-0.002744,0.999980,-0.014742,-0.014598,1.078591,-1.081734,-0.629865,0.643476,-0.511039,0.494876,-0.254283,0.253876
-0.105467,0.001067,0.594984,-0.004124,-0.001223,-0.000551,0.999991,-0.011146,-0.011023,1.058198,-1.063151,-0.622868,0.631778,-0.508026,0.493731,-0.264702,0.264733
-0.106797,0.000679,0.600061,-0.003213,-0.005192,0.001641,0.999980,-0.006300,-0.006208,1.029757,-1.035829,-0.608829,0.612366,-0.506099,0.494133,-0.272091,0.272652
-0.107048,0.000401,0.606558,-0.002694,-0.004629,0.002727,0.999982,-0.003535,-0.003438,1.001221,-1.008153,-0.580231,0.580084,-0.502557,0.493059,-0.271821,0.272898
-0.106410,0.000273,0.613912,-0.002176,-0.004066,0.003813,0.999982,-0.002693,-0.002566,0.973669,-0.981330,-0.540411,0.538432,-0.497827,0.490740,-0.267459,0.268998
-0.105314,0.000298,0.621563,-0.001657,-0.003503,0.004899,0.999980,-0.002740,-0.002582,0.946461,-0.954767,-0.495417,0.493073,-0.493119,0.488219,-0.264620,0.266541
-0.104127,0.000469,0.629028,-0.001836,-0.001549,0.004902,0.999985,-0.002822,-0.002650,0.919098,-0.928021,-0.450390,0.448753,-0.489252,0.486177,-0.267384,0.269590
-0.102956,0.000732,0.636138,-0.002015,0.000405,0.004905,0.999986,-0.002796,-0.002625,0.891658,-0.901234,-0.406851,0.406544,-0.485480,0.483849,-0.273686,0.276088
-0.101845,0.001025,0.642801,-0.002194,0.002360,0.004908,0.999983,-0.002702,-0.002535,0.864361,-0.874696,-0.365413,0.366601,-0.480666,0.480110,-0.279926,0.282451
-0.100833,0.001294,0.648928,-0.002159,0.002384,0.004918,0.999983,-0.002537,-0.002370,0.837558,-0.848761,-0.326706,0.329176,-0.474021,0.474183,-0.283398,0.285985
-0.099946,0.001521,0.654435,-0.002125,0.002409,0.004929,0.999983,-0.002138,-0.001970,0.812137,-0.824045,-0.291426,0.294914,-0.466136,0.466685,-0.284965,0.287564
-0.099206,0.001699,0.659237,-0.002090,0.002434,0.004940,0.999983,-0.001304,-0.001137,0.789113,-0.801228,-0.260286,0.264554,-0.457949,0.458584,-0.286385,0.288955
-0.098633,0.001822,0.663269,-0.001481,0.001439,0.004299,0.999989,0.000071,0.000229,0.769313,-0.780905,-0.233897,0.238743,-0.450192,0.450644,-0.288976,0.291483
-0.098249,0.001896,0.666541,-0.000873,0.000444,0.003659,0.999993,0.001698,0.001842,0.752782,-0.763315,-0.212455,0.217747,-0.442775,0.442827,-0.292297,0.294708
-0.098071,0.001928,0.669079,-0.000264,-0.000551,0.003018,0.999995,0.003188,0.003317,0.739374,-0.748610,-0.196059,0.201741,-0.435400,0.434896,-0.295470,0.297751
-0.098098,0.001926,0.670928,-0.000000,-0.001784,0.002157,0.999996,0.004216,0.004332,0.728959,-0.736911,-0.184527,0.190631,-0.427879,0.426703,-0.297850,0.299971
-0.098240,0.001899,0.672209,0.000264,-0.003016,0.001295,0.999995,0.004702,0.004807,0.721477,-0.728213,-0.176583,0.183267,-0.420447,0.418464,-0.299745,0.301684
-0.098389,0.001857,0.673061,0.000528,-0.004249,0.000434,0.999991,0.004625,0.004724,0.716886,-0.722479,-0.170674,0.178235,-0.413445,0.410490,-0.301696,0.303445
-0.098464,0.001812,0.673594,0.000005,-0.003452,-0.000620,0.999994,0.003945,0.004041,0.715093,-0.719645,-0.165613,0.174469,-0.407112,0.403000,-0.304119,0.305683
-0.098505,0.001772,0.673804,-0.000517,-0.002655,-0.001674,0.999995,0.002530,0.002626,0.715806,-0.719537,-0.161676,0.172316,-0.401280,0.395869,-0.306918,0.308312
-0.098577,0.001746,0.673658,-0.001040,-0.001858,-0.002727,0.999994,0.000229,0.000327,0.718678,-0.721958,-0.159504,0.172471,-0.395674,0.388883,-0.309872,0.311117
-0.098751,0.001737,0.673126,-0.002256,-0.001017,-0.003583,0.999991,-0.002949,-0.002849,0.723367,-0.726617,-0.159789,0.175545,-0.390075,0.381908,-0.312811,0.313938
-0.099092,0.001711,0.672192,-0.003471,-0.000176,-0.004439,0.999984,-0.006353,-0.006251,0.729522,-0.732870,-0.163418,0.181801,-0.384472,0.375130,-0.315781,0.316833
-0.099668,0.001631,0.670843,-0.004686,0.000665,-0.005295,0.999975,-0.009170,-0.009066,0.736792,-0.739983,-0.171328,0.191420,-0.378909,0.368817,-0.318884,0.319912
-0.100495,0.001468,0.669128,-0.004786,-0.000215,-0.005499,0.999973,-0.010780,-0.010677,0.744767,-0.747270,-0.183683,0.203999,-0.373439,0.363152,-0.322169,0.323233
-0.101379,0.001232,0.667341,-0.004886,-0.001095,-0.005702,0.999971,-0.011347,-0.011249,0.752791,-0.754239,-0.197540,0.216811,-0.368172,0.357985,-0.325490,0.326630
-0.102075,0.000947,0.665839,-0.004986,-0.001974,-0.005906,0.999968,-0.011229,-0.011138,0.760150,-0.760446,-0.209184,0.226549,-0.363229,0.353085,-0.328651,0.329884
-0.102416,0.000630,0.664883,-0.004357,-0.001343,-0.005373,0.999975,-0.010709,-0.010630,0.766216,-0.765478,-0.215984,0.230909,-0.358680,0.348267,-0.331504,0.332825
-0.102546,0.000283,0.664347,-0.003728,-0.000711,-0.004840,0.999981,-0.009775,-0.009711,0.770720,-0.769035,-0.219647,0.231594,-0.354388,0.343531,-0.334092,0.335495
-0.102692,-0.000095,0.664007,-0.003099,-0.000080,-0.004307,0.999986,-0.008341,-0.008292,0.773482,-0.770848,-0.222966,0.231311,-0.350164,0.338926,-0.336507,0.337985
-0.103009,-0.000501,0.663705,-0.001987,-0.001301,-0.003272,0.999992,-0.006388,-0.006353,0.774412,-0.770769,-0.227883,0.231996,-0.345852,0.334482,-0.338817,0.340364
-0.103383,-0.000915,0.663536,-0.000874,-0.002522,-0.002237,0.999994,-0.004165,-0.004141,0.773775,-0.769133,-0.232941,0.232499,-0.341443,0.330160,-0.340994,0.342610
-0.103631,-0.001314,0.663657,0.000238,-0.003743,-0.001202,0.999992,-0.001987,-0.001971,0.771928,-0.766398,-0.235831,0.230897,-0.336961,0.325904,-0.342989,0.344677
-0.103617,-0.001675,0.664181,0.000967,-0.003598,-0.000238,0.999993,-0.000137,-0.000124,0.769170,-0.762946,-0.234811,0.225790,-0.332428,0.321669,-0.344773,0.346540
-0.103383,-0.001987,0.665045,0.001696,-0.003454,0.000726,0.999992,0.001244,0.001259,0.765565,-0.758871,-0.230400,0.217864,-0.327861,0.317451,-0.346404,0.348258
-0.103018,-0.002240,0.666139,0.002425,-0.003309,0.001691,0.999990,0.002051,0.002072,0.761117,-0.754190,-0.223681,0.208327,-0.323275,0.313259,-0.347961,0.349911
-0.102600,-0.002429,0.667365,0.002372,-0.002811,0.002235,0.999991,0.002221,0.002251,0.755864,-0.748940,-0.215624,0.198236,-0.318683,0.309099,-0.349507,0.351559
-0.102161,-0.002562,0.668668,0.002320,-0.002314,0.002780,0.999991,0.001875,0.001914,0.749963,-0.743215,-0.206743,0.188043,-0.314098,0.304972,-0.351023,0.353184
-0.101723,-0.002646,0.670005,0.002267,-0.001816,0.003324,0.999990,0.001174,0.001224,0.743602,-0.737128,-0.197438,0.178048,-0.309529,0.300875,-0.352477,0.354750
-0.101301,-0.002692,0.671343,0.001865,-0.001763,0.003370,0.999991,0.000269,0.000328,0.736929,-0.730753,-0.188007,0.168454,-0.304986,0.296804,-0.353834,0.356225
-0.100885,-0.002706,0.672699,0.001463,-0.001710,0.003417,0.999992,-0.000747,-0.000682,0.729918,-0.724024,-0.178341,0.159073,-0.300464,0.292749,-0.355081,0.357588
-0.100462,-0.002691,0.674100,0.001061,-0.001657,0.003463,0.999992,-0.001797,-0.001727,0.722505,-0.716836,-0.168228,0.149620,-0.295960,0.288697,-0.356205,0.358827
-0.100014,-0.002651,0.675571,0.000627,-0.001687,0.003063,0.999994,-0.002817,-0.002743,0.714643,-0.709117,-0.157447,0.139809,-0.291472,0.284642,-0.357188,0.359917
-0.099518,-0.002591,0.677126,0.000193,-0.001717,0.002663,0.999995,-0.003801,-0.003727,0.706361,-0.700909,-0.145740,0.129353,-0.287020,0.280605,-0.357987,0.360811
-0.098949,-0.002512,0.678777,-0.000240,-0.001747,0.002264,0.999996,-0.004760,-0.004685,0.697708,-0.692287,-0.132839,0.117966,-0.282632,0.276614,-0.358557,0.361450
-0.098297,-0.002419,0.680514,-0.000428,-0.001337,0.001578,0.999998,-0.005642,-0.005566,0.688804,-0.683359,-0.118719,0.105543,-0.278329,0.272690,-0.358867,0.361798
-0.097611,-0.002334,0.682252,-0.000616,-0.000927,0.000892,0.999999,-0.006152,-0.006076,0.680059,-0.674359,-0.104334,0.092711,-0.274125,0.268833,-0.358964,0.361903
-0.096953,-0.002278,0.683888,-0.000804,-0.000518,0.000206,1.000000,-0.005936,-0.005856,0.671953,-0.665556,-0.090880,0.080279,-0.270031,0.265038,-0.358913,0.361830
-0.096370,-0.002267,0.685339,-0.000209,-0.000172,-0.000556,1.000000,-0.004806,-0.004720,0.664868,-0.657226,-0.079240,0.068895,-0.266038,0.261286,-0.358768,0.361637
-0.095842,-0.002279,0.686609,0.000386,0.000174,-0.001318,0.999999,-0.003246,-0.003153,0.658796,-0.649675,-0.069048,0.058571,-0.262056,0.257512,-0.358539,0.361339
-0.095331,-0.002282,0.687725,0.000981,0.000520,-0.002080,0.999997,-0.001910,-0.001808,0.653628,-0.643219,-0.059622,0.049159,-0.257974,0.253639,-0.358229,0.360943
-0.094815,-0.002255,0.688700,0.001150,0.001388,-0.002594,0.999995,-0.001263,-0.001153,0.649309,-0.638107,-0.050544,0.040601,-0.253713,0.249615,-0.357833,0.360452
-0.094330,-0.002215,0.689503,0.001319,0.002257,-0.003108,0.999992,-0.001020,-0.000902,0.645986,-0.634319,-0.042433,0.033205,-0.249318,0.245485,-0.357339,0.359859
-0.093925,-0.002188,0.690090,0.001489,0.003125,-0.003622,0.999987,-0.000709,-0.000585,0.643861,-0.631769,-0.036166,0.027371,-0.244863,0.241321,-0.356732,0.359154
-0.093641,-0.002193,0.690432,0.001947,0.003673,-0.003750,0.999984,0.000033,0.000161,0.643047,-0.630355,-0.032416,0.023403,-0.240402,0.237174,-0.355965,0.358300
-0.093476,-0.002227,0.690554,0.002405,0.004220,-0.003879,0.999981,0.001128,0.001258,0.643319,-0.629906,-0.031017,0.021225,-0.235885,0.233019,-0.354866,0.357138
-0.093419,-0.002275,0.690497,0.002864,0.004768,-0.004007,0.999977,0.002388,0.002517,0.644367,-0.630234,-0.031598,0.020665,-0.231243,0.228809,-0.353231,0.355484
-0.093454,-0.002325,0.690308,0.003207,0.004752,-0.003772,0.999976,0.003608,0.003733,0.645851,-0.631131,-0.033673,0.021457,-0.226417,0.224486,-0.350905,0.353186
-0.093534,-0.002361,0.690069,0.003550,0.004736,-0.003537,0.999976,0.004508,0.004628,0.647315,-0.632305,-0.036291,0.022948,-0.221399,0.219931,-0.347911,0.350238
-0.093603,-0.002366,0.689869,0.003893,0.004721,-0.003302,0.999976,0.004791,0.004904,0.648272,-0.633443,-0.038391,0.024388,-0.216197,0.215014,-0.344320,0.346672
-0.093622,-0.002328,0.689779,0.003232,0.004683,-0.002781,0.999980,0.004220,0.004326,0.648347,-0.634306,-0.039162,0.025215,-0.210815,0.209665,-0.340268,0.342582
-0.093604,-0.002248,0.689779,0.002571,0.004646,-0.002260,0.999983,0.002809,0.002908,0.647602,-0.634955,-0.038817,0.025612,-0.205259,0.204075,-0.336150,0.338327
-0.093578,-0.002131,0.689831,0.001910,0.004608,-0.001739,0.999986,0.000634,0.000725,0.646209,-0.635526,-0.037826,0.025951,-0.199530,0.198497,-0.332427,0.334331
-0.093563,-0.001991,0.689897,0.000978,0.004449,-0.000923,0.999989,-0.002064,-0.001982,0.644402,-0.636105,-0.036660,0.026457,-0.193611,0.193066,-0.329295,0.330778
-0.093554,-0.001875,0.689960,0.000047,0.004290,-0.000107,0.999991,-0.004385,-0.004311,0.642670,-0.636588,-0.035821,0.026770,-0.187395,0.187447,-0.325902,0.326883
-0.093541,-0.001838,0.690002,-0.000885,0.004131,0.000709,0.999991,-0.005262,-0.005194,0.641563,-0.636820,-0.035813,0.026386,-0.180756,0.181185,-0.321129,0.321622
-0.093509,-0.001912,0.690015,0.000082,0.004367,0.001384,0.999990,-0.004001,-0.003935,0.641461,-0.636704,-0.036878,0.024951,-0.173628,0.173993,-0.314101,0.314213
-0.093443,-0.002042,0.690026,0.001048,0.004604,0.002058,0.999987,-0.001390,-0.001324,0.642075,-0.636374,-0.038207,0.022727,-0.166193,0.166241,-0.304906,0.304848
-0.093323,-0.002147,0.690065,0.002014,0.004840,0.002732,0.999983,0.001412,0.001476,0.642944,-0.636022,-0.038728,0.020127,-0.158694,0.158468,-0.293875,0.293963
-0.093147,-0.002156,0.690152,0.001783,0.005504,0.002465,0.999980,0.003283,0.003342,0.643637,-0.635876,-0.037632,0.017693,-0.151314,0.151087,-0.281330,0.281909
-0.092963,-0.002026,0.690240,0.001551,0.006169,0.002198,0.999977,0.003257,0.003308,0.643839,-0.636301,-0.035171,0.016478,-0.143985,0.144019,-0.267570,0.268699
-0.092836,-0.001720,0.690270,0.001320,0.006833,0.001931,0.999974,0.000405,0.000446,0.643264,-0.637698,-0.031861,0.017660,-0.136577,0.137061,-0.252885,0.254258
-0.092799,-0.001247,0.690208,-0.000481,0.007287,0.001567,0.999972,-0.005325,-0.005296,0.641899,-0.640186,-0.028249,0.021584,-0.128805,0.129830,-0.237343,0.238426
-0.092754,-0.000796,0.690130,-0.002282,0.007741,0.001202,0.999967,-0.010486,-0.010468,0.640816,-0.642747,-0.025005,0.025253,-0.119751,0.121230,-0.220112,0.220680
-0.092573,-0.000597,0.690138,-0.004083,0.008194,0.000838,0.999958,-0.010753,-0.010744,0.641361,-0.644080,-0.022827,0.024834,-0.108344,0.109985,-0.200136,0.200413
-0.092216,-0.000788,0.690227,-0.000882,0.009612,0.001118,0.999953,-0.003645,-0.003642,0.644632,-0.643752,-0.022700,0.018661,-0.094276,0.095692,-0.179541,0.180031
-0.092001,-0.001126,0.689964,0.002320,0.011030,0.001398,0.999935,0.005947,0.005949,0.650735,-0.644799,-0.026737,0.013750,-0.080312,0.081440,-0.173179,0.174019
-0.092335,-0.001273,0.688811,0.005522,0.012448,0.001679,0.999906,0.011293,0.011296,0.659529,-0.651128,-0.037337,0.019282,-0.069980,0.071190,-0.199080,0.199878
-0.093484,-0.000997,0.686414,0.002592,0.010442,0.001791,0.999941,0.007804,0.007809,0.670752,-0.665214,-0.055956,0.041425,-0.065278,0.067189,-0.263791,0.263819
-0.095142,-0.000481,0.683181,-0.000338,0.008436,0.001902,0.999963,-0.000543,-0.000535,0.683665,-0.683812,-0.080293,0.074284,-0.062062,0.064831,-0.327909,0.326882
-0.096863,-0.000015,0.679705,-0.003268,0.006430,0.002014,0.999972,-0.007630,-0.007618,0.697406,-0.702247,-0.107107,0.108948,-0.054658,0.057797,-0.340547,0.338816
-0.098276,0.000179,0.676510,-0.002179,0.004287,0.001343,0.999988,-0.008814,-0.008798,0.711043,-0.716702,-0.133323,0.137981,-0.039220,0.041786,-0.267086,0.265468
-0.099318,0.000146,0.673844,-0.001089,0.002144,0.000671,0.999997,-0.005360,-0.005342,0.723341,-0.726793,-0.156533,0.159851,-0.019230,0.020585,-0.137992,0.137082
-0.099999,-0.000000,0.671884,0.000000,0.000001,-0.000000,1.000000,-0.000009,0.000009,0.732994,-0.732994,-0.174496,0.174496,0.000000,-0.000000,0.000000,-0.000000
-0.100331,-0.000148,0.670805,0.000000,0.000001,-0.000000,1.000000,0.004495,0.004512,0.738693,-0.735779,-0.184972,0.181859,0.013157,-0.014164,0.100153,-0.099436
-0.100328,-0.000185,0.670785,0.000000,0.000000,-0.000000,1.000000,0.005412,0.005423,0.739131,-0.735623,-0.185721,0.181880,0.014927,-0.016099,0.115732,-0.114883
